customer_id,country,warehouse_hub,age_group,gender,style_category,acquisition_channel,cohort_month,loyalty_tier,recency_days,frequency_30d,frequency_90d,monetary_3m_usd,avg_order_value_usd,basket_size_items,browsing_sessions_30d,wishlist_items,discount_dependency_pct,promo_depth_pct,promo_response_rate,returns_rate,mega_sale_participant,avg_delivery_days,delivery_issues_count,last_mile_cost_usd,fulfillment_cost_usd,return_cost_usd,logistics_cost_pct_revenue,gross_margin_pct,campaign_last_sent,responded_to_campaign,incremental_orders_from_campaign,campaign_roi,uplift_segment,churn_label,churn_risk_score,clv_12m_usd
SH01001,Thailand,VN Hub,28-32,Female,Casual,Organic,2024-02,Bronze,123,2,6,191.68,38.96,5,15,5,0.6,0.23,0.44,0.29,0,4.6,0,2.96,4.1,4.52,0.297,0.201,Style Drop,1,3,5.0,Lost Cause,1,72.8,368.57
SH01002,Indonesia,SG Hub,33-38,Male,Activewear,Influencer,2024-01,Bronze,20,3,6,91.92,20.9,3,16,5,0.89,0.36,0.36,0.28,1,4.9,0,3.01,1.0,2.34,0.304,0.024,Voucher,1,2,3.27,Sure-Thing,0,27.6,254.01
SH01003,UAE,Dubai Hub,23-27,Male,Formal,Mega-Sale Event,2024-08,Bronze,16,2,3,207.14,77.93,6,13,8,0.38,0.19,0.56,0.19,0,3.8,0,4.18,6.43,5.92,0.212,0.216,Voucher,1,3,5.0,Persuadable,0,27.2,599.24
SH01004,Malaysia,SG Hub,18-22,Female,Activewear,Paid Social,2024-05,None,30,0,2,69.48,41.31,4,12,1,0.53,0.22,0.41,0.19,0,4.8,0,3.15,2.81,3.14,0.22,0.198,Voucher,0,0,-1.0,Lost Cause,0,43.9,170.33
SH01005,Singapore,SG Hub,18-22,Non-binary,Accessories,Influencer,2024-10,None,28,1,3,137.07,53.19,3,15,4,0.47,0.25,0.45,0.28,0,1.8,1,3.69,4.71,5.96,0.27,0.153,Influencer Code,1,0,-1.0,Lost Cause,0,44.0,342.99
SH01006,Philippines,SG Hub,18-22,Male,Activewear,Influencer,2024-04,None,26,0,1,14.79,20.09,1,11,4,0.88,0.49,0.34,0.34,0,6.0,0,4.56,1.76,2.73,0.45,-0.102,Voucher,1,0,-1.0,Do-Not-Disturb,1,61.2,13.16
SH01007,Thailand,VN Hub,18-22,Female,Formal,Organic,2024-05,Bronze,63,1,5,115.3,29.08,2,11,3,0.69,0.43,0.5,0.29,0,6.2,2,3.95,2.52,3.37,0.338,-0.015,Influencer Code,0,0,-1.0,Do-Not-Disturb,1,64.8,229.46
SH01008,Thailand,VN Hub,28-32,Male,K-Fashion,Influencer,2024-03,None,38,0,0,0.0,42.74,2,8,4,0.66,0.31,0.39,0.33,1,5.1,0,2.81,2.95,5.64,0.267,0.107,None,0,0,-1.0,Do-Not-Disturb,1,66.8,10.0
SH01009,Singapore,SG Hub,18-22,Female,Activewear,Paid Social,2024-04,None,104,1,2,106.61,59.16,6,17,7,0.33,0.2,0.55,0.24,1,2.6,1,3.43,4.35,5.68,0.228,0.192,Voucher,1,1,4.62,Lost Cause,1,81.7,182.13
SH01010,Indonesia,SG Hub,23-27,Non-binary,Streetwear,Referral,2024-09,None,36,1,4,30.04,10.0,2,18,2,0.83,0.46,0.44,0.35,1,5.2,1,2.78,1.26,1.4,0.544,-0.15,Influencer Code,0,0,-1.0,Lost Cause,1,54.4,52.43
SH01011,Vietnam,VN Hub,28-32,Female,Casual,Influencer,2024-06,Bronze,48,2,5,123.19,32.04,4,19,7,0.77,0.44,0.4,0.22,0,4.5,1,3.92,3.45,2.82,0.318,0.017,Voucher,0,0,-1.0,Lost Cause,1,50.4,283.14
SH01012,Philippines,SG Hub,23-27,Female,Casual,Influencer,2024-08,None,39,0,1,12.67,16.41,3,11,6,0.76,0.39,0.34,0.26,1,6.9,2,4.35,1.55,1.71,0.464,-0.143,Voucher,1,0,-1.0,Do-Not-Disturb,1,75.7,10.0
SH01013,Malaysia,SG Hub,18-22,Female,Accessories,Referral,2024-01,Bronze,59,1,5,145.95,35.34,5,17,6,0.58,0.39,0.39,0.19,0,4.9,1,3.34,2.38,2.69,0.238,0.096,Style Drop,0,0,-1.0,Lost Cause,1,50.2,341.28
SH01014,UAE,Dubai Hub,28-32,Male,Accessories,Paid Social,2024-07,Bronze,21,2,5,369.7,84.31,2,22,3,0.41,0.22,0.54,0.24,0,4.3,1,3.83,6.91,8.09,0.223,0.168,Free Shipping,1,1,4.59,Persuadable,0,26.9,850.0
SH01015,Indonesia,SG Hub,28-32,Female,Streetwear,Influencer,2024-06,None,93,1,3,51.3,21.81,2,15,8,0.72,0.48,0.36,0.29,1,4.9,0,3.5,2.96,2.53,0.412,-0.068,None,0,0,-1.0,Do-Not-Disturb,1,77.1,77.31
SH01016,Australia,AU Hub,28-32,Female,Activewear,Mega-Sale Event,2024-11,Bronze,161,2,3,224.88,84.32,8,13,9,0.37,0.16,0.53,0.12,0,6.2,2,7.45,6.8,4.05,0.217,0.252,Influencer Code,0,0,-1.0,Lost Cause,1,94.1,336.34
SH01017,Indonesia,SG Hub,18-22,Female,Activewear,Mega-Sale Event,2024-06,None,19,1,5,44.61,11.74,4,13,4,0.8,0.48,0.41,0.29,1,4.9,0,3.37,1.67,1.36,0.545,-0.15,Voucher,0,0,-1.0,Lost Cause,0,30.2,108.6
SH01018,Singapore,SG Hub,18-22,Male,Streetwear,Paid Social,2024-02,None,8,1,2,100.79,57.86,6,11,3,0.43,0.23,0.51,0.13,0,2.7,1,4.34,4.26,3.01,0.201,0.248,Free Shipping,1,1,3.87,Persuadable,0,35.4,268.67
SH01019,UAE,Dubai Hub,33-38,Female,K-Fashion,Organic,2024-09,Bronze,32,2,3,237.21,90.47,5,10,5,0.42,0.21,0.52,0.2,0,3.2,0,5.66,7.22,7.24,0.222,0.189,Voucher,0,0,-1.0,Lost Cause,0,36.0,642.45
SH01020,Malaysia,SG Hub,23-27,Male,K-Fashion,Influencer,2024-02,None,45,2,4,101.22,30.09,2,16,9,0.53,0.32,0.42,0.15,0,3.2,0,2.63,2.72,1.81,0.238,0.122,Style Drop,1,1,1.8,Lost Cause,0,39.1,258.4
SH01021,Thailand,VN Hub,23-27,Female,Activewear,Influencer,2024-11,Bronze,73,2,7,92.93,17.13,3,15,3,0.75,0.4,0.36,0.31,0,4.4,0,2.79,1.57,2.12,0.378,-0.012,Influencer Code,0,0,-1.0,Lost Cause,0,45.5,220.43
SH01022,Vietnam,VN Hub,23-27,Female,Casual,Paid Social,2024-05,Bronze,38,2,6,158.08,33.35,5,16,5,0.7,0.25,0.46,0.29,0,3.9,0,2.46,2.28,3.87,0.258,0.175,Free Shipping,0,0,-1.0,Lost Cause,0,31.4,439.19
SH01023,Philippines,SG Hub,28-32,Female,Accessories,Influencer,2024-10,None,44,1,4,93.06,30.98,3,14,9,0.83,0.3,0.36,0.4,0,6.7,1,5.0,2.07,4.96,0.388,0.027,Influencer Code,0,0,-1.0,Do-Not-Disturb,1,59.7,197.0
SH01024,UAE,Dubai Hub,33-38,Female,Casual,Organic,2024-08,Bronze,50,1,5,367.34,84.64,4,12,6,0.44,0.31,0.35,0.25,0,3.5,0,5.02,7.27,8.46,0.245,0.167,Influencer Code,1,0,-1.0,Persuadable,0,35.2,850.0
SH01025,Thailand,VN Hub,23-27,Female,Accessories,Mega-Sale Event,2024-06,None,37,0,2,22.18,14.31,5,16,2,0.75,0.47,0.44,0.27,1,3.2,0,3.23,1.74,1.55,0.456,-0.113,Style Drop,0,0,-1.0,Do-Not-Disturb,1,55.9,32.78
SH01026,Australia,AU Hub,33-38,Male,Streetwear,Influencer,2024-08,None,164,0,2,139.19,83.65,7,13,7,0.56,0.4,0.41,0.28,1,5.3,0,7.22,7.45,9.37,0.287,0.105,Voucher,0,0,-1.0,Lost Cause,1,94.5,194.99
SH01027,Indonesia,SG Hub,18-22,Female,Activewear,Paid Social,2024-03,None,19,1,4,32.07,10.72,3,17,2,0.84,0.46,0.41,0.24,1,5.0,0,3.09,1.76,1.03,0.549,-0.15,Voucher,1,0,-1.0,Lost Cause,0,35.9,69.64
SH01028,Singapore,SG Hub,23-27,Male,K-Fashion,Influencer,2024-01,Bronze,14,1,3,166.14,64.47,4,16,10,0.47,0.19,0.55,0.17,0,2.9,0,4.25,5.22,4.38,0.215,0.274,Voucher,0,0,-1.0,Lost Cause,0,28.1,475.81
SH01029,Australia,AU Hub,23-27,Female,Casual,Mega-Sale Event,2024-10,None,40,0,2,126.06,70.9,4,11,2,0.37,0.18,0.51,0.21,1,6.6,1,7.01,5.52,5.96,0.261,0.209,Free Shipping,1,2,5.0,Lost Cause,1,52.5,294.98
SH01030,Malaysia,SG Hub,18-22,Male,Activewear,Influencer,2024-12,None,27,0,2,40.95,25.72,5,12,7,0.68,0.37,0.48,0.16,0,3.7,0,2.97,2.73,1.65,0.286,0.004,Free Shipping,0,0,-1.0,Lost Cause,0,46.1,88.87
SH01031,Thailand,VN Hub,18-22,Male,Accessories,Organic,2024-11,Bronze,91,2,6,127.33,26.46,5,16,7,0.66,0.31,0.44,0.26,0,5.2,1,3.6,2.47,2.75,0.333,0.137,Voucher,0,0,-1.0,Do-Not-Disturb,1,65.1,259.26
SH01032,Philippines,SG Hub,23-27,Male,Activewear,Paid Social,2024-04,None,34,1,2,31.33,20.53,8,11,2,0.79,0.52,0.48,0.25,1,6.5,1,4.11,1.15,2.05,0.356,-0.147,Free Shipping,1,2,1.51,Do-Not-Disturb,1,62.3,47.85
SH01033,Vietnam,VN Hub,33-38,Female,K-Fashion,Paid Social,2024-05,None,25,1,3,52.51,22.85,4,11,7,0.78,0.54,0.35,0.3,1,4.5,0,2.78,1.31,2.74,0.299,-0.026,Free Shipping,0,0,-1.0,Lost Cause,0,44.6,113.05
SH01034,Vietnam,VN Hub,23-27,Male,Streetwear,Organic,2024-05,None,22,0,1,25.64,32.71,4,9,6,0.72,0.42,0.42,0.23,1,4.1,0,2.91,2.86,3.01,0.268,0.045,Voucher,1,1,1.02,Lost Cause,1,52.2,44.85
SH01035,Indonesia,SG Hub,33-38,Female,K-Fashion,Organic,2024-09,None,57,0,2,32.28,20.43,2,13,4,0.7,0.38,0.46,0.3,0,5.2,3,3.9,1.55,2.45,0.387,-0.012,None,0,0,-1.0,Do-Not-Disturb,1,82.4,41.89
SH01036,Australia,AU Hub,28-32,Female,K-Fashion,Paid Social,2024-08,Silver,14,3,6,465.6,85.84,3,21,2,0.32,0.11,0.51,0.18,0,5.4,0,8.02,6.85,6.18,0.245,0.213,Influencer Code,0,0,-1.0,Sure-Thing,0,6.5,850.0
SH01037,Singapore,SG Hub,23-27,Female,Casual,Mega-Sale Event,2024-10,Silver,34,2,7,390.38,64.25,6,15,11,0.44,0.32,0.55,0.28,0,3.3,0,4.09,5.68,7.2,0.264,0.141,Free Shipping,1,0,-1.0,Persuadable,0,9.6,850.0
SH01038,Indonesia,SG Hub,28-32,Female,Activewear,Referral,2024-12,None,66,0,0,0.0,18.42,3,7,4,0.75,0.42,0.39,0.29,1,5.1,0,3.9,1.85,2.14,0.428,-0.095,Influencer Code,0,0,-1.0,Do-Not-Disturb,1,80.2,10.0
SH01039,Australia,AU Hub,18-22,Male,Activewear,Paid Social,2024-05,Bronze,65,2,5,315.91,71.07,7,21,6,0.37,0.19,0.61,0.15,0,5.3,0,7.1,6.35,4.26,0.249,0.231,Free Shipping,0,0,-1.0,Lost Cause,0,39.1,838.45
SH01040,Malaysia,SG Hub,18-22,Female,Formal,Paid Social,2024-08,None,33,0,2,35.78,21.82,1,10,8,0.6,0.35,0.56,0.24,1,4.5,0,2.75,1.0,2.09,0.268,0.061,Style Drop,1,2,3.49,Lost Cause,0,48.6,74.69
SH01041,Indonesia,SG Hub,28-32,Male,Activewear,Influencer,2024-07,Bronze,18,3,7,140.08,26.33,3,16,3,0.8,0.41,0.41,0.23,0,5.4,0,3.83,2.23,2.42,0.322,0.022,Influencer Code,1,2,2.93,Sure-Thing,0,19.7,415.97
SH01042,UAE,Dubai Hub,28-32,Female,Activewear,Mega-Sale Event,2024-12,Bronze,28,2,5,357.81,82.16,10,16,4,0.43,0.24,0.52,0.23,1,3.9,1,4.59,6.92,7.56,0.232,0.121,Free Shipping,1,1,4.05,Persuadable,0,30.4,850.0
SH01043,Malaysia,SG Hub,18-22,Male,K-Fashion,Paid Social,2024-05,None,36,0,1,13.23,16.02,3,12,7,0.58,0.25,0.51,0.27,1,4.1,0,2.39,1.0,1.73,0.32,0.078,None,0,0,-1.0,Lost Cause,1,56.5,20.6
SH01044,Vietnam,VN Hub,23-27,Female,K-Fashion,Paid Social,2024-03,None,40,0,2,38.46,23.71,3,13,8,0.63,0.4,0.38,0.38,0,4.5,1,2.74,1.57,3.6,0.334,0.02,Style Drop,0,0,-1.0,Do-Not-Disturb,1,63.4,67.41
SH01045,UAE,Dubai Hub,23-27,Female,Casual,Influencer,2024-05,Bronze,23,2,3,194.16,77.79,7,20,2,0.56,0.3,0.39,0.21,0,3.7,0,4.46,5.8,6.53,0.216,0.158,Style Drop,1,3,5.0,Lost Cause,0,35.5,522.98
SH01046,Thailand,VN Hub,28-32,Female,Formal,Mega-Sale Event,2024-08,None,180,2,3,104.44,42.61,6,19,3,0.61,0.39,0.51,0.24,1,4.8,0,3.04,3.42,4.09,0.248,0.107,Voucher,0,0,-1.0,Do-Not-Disturb,1,95.1,141.28
SH01047,Vietnam,VN Hub,23-27,Non-binary,K-Fashion,Paid Social,2024-12,None,74,1,3,35.37,14.38,2,17,9,0.6,0.32,0.46,0.22,0,4.2,0,3.64,1.96,1.27,0.478,-0.069,Voucher,0,0,-1.0,Lost Cause,1,64.3,63.2
SH01048,Vietnam,VN Hub,23-27,Female,Casual,Organic,2024-10,None,17,1,3,39.78,16.47,5,10,5,0.65,0.35,0.43,0.27,1,4.0,0,3.14,2.33,1.78,0.44,-0.02,Influencer Code,0,0,-1.0,Lost Cause,0,36.0,95.17
SH01049,Malaysia,SG Hub,23-27,Female,Casual,Influencer,2024-01,Bronze,15,1,4,146.03,43.88,6,16,3,0.56,0.25,0.46,0.26,0,3.2,0,3.79,3.1,4.56,0.261,0.18,Free Shipping,0,0,-1.0,Lost Cause,0,27.2,417.82
SH01050,Singapore,SG Hub,23-27,Female,K-Fashion,Referral,2024-07,None,34,0,2,128.22,72.85,4,14,8,0.4,0.26,0.38,0.2,0,3.0,0,3.93,6.09,5.83,0.218,0.112,Influencer Code,1,0,-1.0,Lost Cause,0,42.4,324.08
SH01051,Australia,AU Hub,23-27,Female,Streetwear,Influencer,2024-02,Bronze,80,2,3,189.54,72.04,6,16,12,0.41,0.18,0.49,0.26,1,6.1,1,7.24,6.04,7.49,0.288,0.19,Style Drop,1,0,-1.0,Lost Cause,1,69.6,379.2
SH01052,Singapore,SG Hub,28-32,Male,Formal,Influencer,2024-05,Bronze,13,1,4,196.33,56.94,4,20,6,0.46,0.23,0.45,0.18,1,2.9,0,3.33,4.75,4.1,0.214,0.187,Free Shipping,0,0,-1.0,Lost Cause,0,22.9,583.62
SH01053,Thailand,VN Hub,23-27,Female,Casual,Mega-Sale Event,2024-12,None,86,2,3,83.1,34.93,4,14,9,0.69,0.38,0.47,0.32,1,6.1,1,3.31,2.99,4.47,0.308,0.022,Free Shipping,0,0,-1.0,Do-Not-Disturb,1,79.3,137.21
SH01054,Malaysia,SG Hub,18-22,Female,K-Fashion,Mega-Sale Event,2024-12,None,59,1,2,27.16,16.38,2,21,0,0.57,0.32,0.51,0.27,1,4.4,1,3.11,1.46,1.77,0.387,0.008,Free Shipping,1,0,-1.0,Lost Cause,1,69.2,42.77
SH01055,Malaysia,SG Hub,18-22,Female,Formal,Influencer,2024-02,Bronze,88,3,7,113.32,20.11,4,16,14,0.65,0.27,0.47,0.26,1,4.7,0,2.42,2.45,2.09,0.346,0.135,Voucher,1,0,-1.0,Lost Cause,0,49.8,267.22
SH01056,Thailand,VN Hub,28-32,Female,Streetwear,Paid Social,2024-02,None,91,2,3,66.27,27.75,4,16,7,0.68,0.36,0.45,0.25,1,5.2,0,3.03,2.77,2.78,0.309,0.088,Influencer Code,0,0,-1.0,Do-Not-Disturb,1,74.8,113.44
SH01057,Indonesia,SG Hub,28-32,Non-binary,Formal,Organic,2024-09,None,78,1,1,27.77,36.4,2,9,4,0.79,0.47,0.33,0.42,1,6.1,2,3.34,2.38,6.12,0.325,-0.021,Influencer Code,0,0,-1.0,Do-Not-Disturb,1,89.7,26.07
SH01058,Indonesia,SG Hub,18-22,Female,Streetwear,Mega-Sale Event,2024-05,Bronze,54,2,5,84.09,20.51,4,11,2,0.6,0.31,0.48,0.21,0,4.8,1,3.71,2.04,1.72,0.364,0.048,Free Shipping,0,0,-1.0,Lost Cause,0,48.5,196.36
SH01059,Singapore,SG Hub,18-22,Male,Casual,Paid Social,2024-06,Bronze,101,2,3,167.51,62.81,3,14,7,0.37,0.19,0.54,0.21,0,1.9,0,4.03,5.47,5.28,0.235,0.236,Influencer Code,0,0,-1.0,Lost Cause,1,71.2,328.13
SH01060,Singapore,SG Hub,23-27,Female,Streetwear,Paid Social,2024-11,Bronze,50,1,5,328.7,71.07,8,16,6,0.25,0.15,0.6,0.12,0,3.0,0,3.51,5.84,3.41,0.18,0.26,Influencer Code,0,0,-1.0,Lost Cause,0,28.0,850.0
SH01061,Malaysia,SG Hub,18-22,Female,K-Fashion,Organic,2024-12,None,49,0,0,0.0,51.86,3,11,11,0.55,0.3,0.57,0.33,0,4.3,0,3.33,4.71,6.85,0.287,0.105,Influencer Code,0,0,-1.0,Lost Cause,1,69.3,10.0
SH01062,Indonesia,SG Hub,28-32,Female,Formal,Organic,2024-11,None,48,1,3,45.08,19.39,1,8,10,0.75,0.36,0.33,0.33,1,5.3,1,3.41,1.65,2.56,0.393,-0.04,Voucher,0,0,-1.0,Do-Not-Disturb,1,64.1,82.68
SH01063,Indonesia,SG Hub,23-27,Non-binary,K-Fashion,Mega-Sale Event,2024-10,None,79,2,4,71.99,23.87,2,17,7,0.82,0.45,0.38,0.27,0,5.3,0,2.07,2.01,2.58,0.279,0.048,Influencer Code,1,0,-1.0,Do-Not-Disturb,1,68.0,131.1
SH01064,Thailand,VN Hub,18-22,Female,K-Fashion,Paid Social,2024-12,Bronze,30,2,4,139.27,44.58,3,14,11,0.73,0.45,0.38,0.31,1,5.5,0,3.06,3.63,5.53,0.274,0.034,Influencer Code,1,0,-1.0,Lost Cause,0,39.9,352.73
SH01065,Malaysia,SG Hub,33-38,Female,Streetwear,Influencer,2024-09,Bronze,180,3,9,165.95,22.82,4,18,5,0.64,0.3,0.45,0.27,1,4.2,0,3.64,1.0,2.46,0.311,0.009,Voucher,0,0,-1.0,Do-Not-Disturb,1,82.3,282.16
SH01066,Indonesia,SG Hub,18-22,Female,Activewear,Mega-Sale Event,2024-11,None,86,0,1,25.36,32.22,1,13,5,0.71,0.37,0.42,0.25,1,5.6,0,2.66,2.54,3.22,0.261,0.027,Influencer Code,0,0,-1.0,Do-Not-Disturb,1,82.0,30.32
SH01067,Indonesia,SG Hub,23-27,Female,Activewear,Mega-Sale Event,2024-07,None,23,1,4,48.56,15.85,1,11,2,0.78,0.36,0.39,0.33,1,4.7,0,3.56,1.0,2.09,0.42,-0.045,Style Drop,1,2,2.79,Lost Cause,0,38.0,116.79
SH01068,Vietnam,VN Hub,18-22,Non-binary,Accessories,Mega-Sale Event,2024-01,Bronze,70,2,5,114.7,28.82,3,18,4,0.68,0.42,0.48,0.29,1,4.0,3,3.69,1.71,3.34,0.303,-0.02,Voucher,0,0,-1.0,Do-Not-Disturb,1,74.1,206.06
SH01069,Singapore,SG Hub,18-22,Female,Streetwear,Influencer,2024-10,Silver,68,3,10,514.11,60.06,4,14,9,0.48,0.26,0.42,0.23,0,4.0,0,3.42,5.52,5.53,0.241,0.182,Influencer Code,1,2,5.0,Persuadable,0,9.7,850.0
SH01070,Indonesia,SG Hub,18-22,Female,Streetwear,Influencer,2024-12,None,23,1,4,47.71,16.34,3,5,8,0.9,0.45,0.32,0.32,1,5.3,0,3.5,1.56,2.09,0.438,-0.075,None,0,0,-1.0,Lost Cause,0,41.3,107.64
SH01071,Australia,AU Hub,18-22,Female,K-Fashion,Organic,2024-04,Silver,31,3,6,381.7,70.14,4,19,6,0.31,0.18,0.47,0.2,0,5.5,0,6.55,5.6,5.61,0.253,0.149,Style Drop,0,0,-1.0,Sure-Thing,0,9.3,850.0
SH01072,Vietnam,VN Hub,18-22,Female,Casual,Influencer,2024-06,None,32,1,2,44.83,30.21,4,15,5,0.86,0.41,0.37,0.33,1,4.2,0,3.71,2.13,3.99,0.325,0.0,Free Shipping,0,0,-1.0,Do-Not-Disturb,1,57.6,86.26
SH01073,UAE,Dubai Hub,18-22,Female,Accessories,Referral,2024-07,Bronze,17,1,4,323.87,92.96,6,20,4,0.43,0.18,0.43,0.21,0,3.8,0,4.46,7.58,7.81,0.214,0.227,Influencer Code,1,1,5.0,Persuadable,0,24.3,850.0
SH01074,Australia,AU Hub,23-27,Female,Casual,Paid Social,2024-08,None,18,0,2,140.99,76.96,5,14,5,0.28,0.08,0.53,0.14,0,5.4,0,7.22,6.65,4.31,0.236,0.269,None,0,0,-1.0,Lost Cause,0,29.9,401.73
SH01075,Singapore,SG Hub,28-32,Female,Casual,Organic,2024-09,None,71,1,2,107.48,62.56,7,17,4,0.47,0.21,0.47,0.3,0,2.6,0,4.48,4.59,7.51,0.265,0.215,Influencer Code,1,0,-1.0,Lost Cause,1,66.4,217.88
SH01076,Vietnam,VN Hub,23-27,Female,Streetwear,Mega-Sale Event,2024-05,None,47,1,2,50.09,32.57,2,11,7,0.77,0.49,0.37,0.24,1,3.7,1,3.23,2.6,3.13,0.275,-0.049,Voucher,1,1,0.59,Do-Not-Disturb,1,68.1,84.03
SH01077,Vietnam,VN Hub,23-27,Female,Accessories,Paid Social,2024-11,None,30,2,5,79.0,20.23,3,19,8,0.73,0.36,0.46,0.3,1,4.4,0,2.46,2.05,2.43,0.343,0.054,Voucher,1,1,1.11,Lost Cause,0,33.9,205.84
SH01078,Malaysia,SG Hub,23-27,Female,Casual,Influencer,2024-10,None,21,1,3,101.4,40.92,4,13,4,0.58,0.34,0.45,0.23,0,3.7,0,2.78,2.31,3.76,0.216,0.145,Style Drop,0,0,-1.0,Lost Cause,0,35.4,266.01
SH01079,Indonesia,SG Hub,28-32,Female,K-Fashion,Organic,2024-12,None,94,0,0,0.0,30.55,4,13,4,0.69,0.34,0.48,0.36,1,5.8,0,3.75,2.42,4.4,0.346,0.034,Free Shipping,1,0,-1.0,Do-Not-Disturb,1,88.1,10.0
SH01080,Thailand,VN Hub,28-32,Female,Streetwear,Paid Social,2024-07,Bronze,39,2,6,249.17,50.83,3,13,5,0.61,0.37,0.44,0.21,1,4.9,1,2.99,3.85,4.27,0.219,0.104,Voucher,1,3,5.0,Lost Cause,0,34.7,675.85
SH01081,Malaysia,SG Hub,18-22,Female,K-Fashion,Paid Social,2024-01,None,66,2,4,105.31,31.99,6,15,4,0.59,0.27,0.45,0.21,0,4.1,2,2.04,2.49,2.69,0.226,0.175,Free Shipping,1,5,5.0,Lost Cause,1,67.8,207.94
SH01082,Vietnam,VN Hub,18-22,Female,K-Fashion,Organic,2024-11,Bronze,38,1,5,97.97,24.34,1,11,3,0.65,0.36,0.41,0.21,1,4.1,0,2.87,1.7,2.04,0.272,0.065,Style Drop,1,2,3.53,Lost Cause,0,34.1,258.28
SH01083,Thailand,VN Hub,18-22,Female,K-Fashion,Referral,2024-01,None,27,0,1,28.78,36.15,2,13,4,0.68,0.38,0.43,0.29,0,4.7,0,2.56,2.96,4.19,0.269,0.095,Free Shipping,1,6,5.0,Lost Cause,1,54.9,52.33
SH01084,Australia,AU Hub,18-22,Female,Streetwear,Paid Social,2024-03,None,68,1,2,155.91,84.55,6,13,16,0.26,0.26,0.57,0.1,0,6.0,0,8.01,7.73,3.38,0.226,0.171,Style Drop,0,0,-1.0,Lost Cause,1,55.1,355.01
SH01085,Singapore,SG Hub,23-27,Female,Casual,Influencer,2024-04,Bronze,41,2,3,148.74,57.72,2,15,12,0.47,0.29,0.46,0.19,1,3.6,0,3.89,4.46,4.39,0.221,0.121,Influencer Code,0,0,-1.0,Lost Cause,0,42.0,377.81
SH01086,Singapore,SG Hub,23-27,Female,Streetwear,Paid Social,2024-03,Bronze,54,2,4,206.17,58.77,4,14,7,0.41,0.2,0.52,0.09,1,3.2,1,3.35,4.85,2.12,0.176,0.259,None,0,0,-1.0,Lost Cause,0,46.6,511.81
SH01087,Thailand,VN Hub,18-22,Female,Streetwear,Paid Social,2024-09,Bronze,101,2,6,155.31,34.33,3,23,5,0.82,0.49,0.35,0.32,0,5.3,1,2.95,3.74,4.39,0.323,0.027,Style Drop,0,0,-1.0,Do-Not-Disturb,1,74.7,280.24
SH01088,Indonesia,SG Hub,23-27,Female,Accessories,Influencer,2024-06,None,130,1,3,40.72,17.38,2,13,6,0.73,0.51,0.46,0.26,1,5.2,1,2.56,1.12,1.81,0.316,-0.067,Voucher,1,3,2.69,Do-Not-Disturb,1,91.1,44.24
SH01089,Australia,AU Hub,23-27,Female,Activewear,Influencer,2024-03,None,67,0,1,62.84,74.72,5,11,5,0.53,0.21,0.44,0.16,0,6.2,1,6.65,6.88,4.78,0.245,0.136,Influencer Code,1,1,4.71,Lost Cause,1,75.1,112.46
SH01090,Indonesia,SG Hub,18-22,Female,Casual,Organic,2024-01,None,59,1,4,76.34,24.72,3,14,8,0.76,0.38,0.45,0.34,0,5.0,0,4.01,1.98,3.36,0.378,-0.025,Voucher,1,0,-1.0,Do-Not-Disturb,1,57.3,160.09
SH01091,Australia,AU Hub,28-32,Female,Streetwear,Influencer,2024-03,Bronze,80,1,4,296.42,85.97,7,9,7,0.46,0.24,0.49,0.15,0,4.9,0,8.32,7.77,5.16,0.247,0.163,None,0,0,-1.0,Lost Cause,1,56.2,677.96
SH01092,Malaysia,SG Hub,18-22,Female,Formal,Referral,2024-09,None,25,1,3,75.28,30.16,4,9,9,0.56,0.29,0.54,0.28,1,4.1,1,3.46,2.79,3.38,0.319,0.055,Voucher,0,0,-1.0,Lost Cause,0,45.1,180.65
SH01093,Indonesia,SG Hub,33-38,Female,K-Fashion,Influencer,2024-10,None,34,1,4,29.68,10.0,4,13,2,0.86,0.46,0.33,0.28,1,5.6,0,3.45,1.0,1.12,0.557,-0.15,Influencer Code,0,0,-1.0,Lost Cause,0,45.3,57.24
SH01094,Vietnam,VN Hub,18-22,Female,Streetwear,Influencer,2024-04,None,74,2,3,29.0,12.67,3,13,6,0.79,0.37,0.33,0.38,1,4.8,0,2.68,1.0,1.93,0.443,-0.113,Style Drop,1,0,-1.0,Do-Not-Disturb,1,72.0,42.83
SH01095,Vietnam,VN Hub,28-32,Male,Formal,Mega-Sale Event,2024-01,None,33,1,2,27.02,17.92,8,11,3,0.82,0.52,0.36,0.34,1,4.7,0,2.42,1.12,2.44,0.334,-0.06,Voucher,1,0,-1.0,Do-Not-Disturb,1,57.2,41.32
SH01096,Malaysia,SG Hub,33-38,Female,Casual,Mega-Sale Event,2024-07,None,27,1,3,62.01,24.49,2,13,7,0.52,0.21,0.4,0.18,0,3.8,0,4.13,2.0,1.76,0.322,0.103,Style Drop,0,0,-1.0,Lost Cause,0,35.8,161.95
SH01097,Vietnam,VN Hub,33-38,Female,Activewear,Influencer,2024-10,Bronze,113,2,6,118.17,26.76,1,10,4,0.88,0.47,0.31,0.27,1,4.1,0,2.81,2.59,2.89,0.31,-0.057,Voucher,0,0,-1.0,Do-Not-Disturb,1,74.7,209.4
SH01098,Singapore,SG Hub,28-32,Female,Casual,Influencer,2024-01,Bronze,84,1,5,228.59,52.49,8,12,7,0.43,0.29,0.52,0.24,1,3.5,0,4.86,4.19,5.04,0.268,0.128,Free Shipping,1,2,5.0,Lost Cause,1,53.1,533.5
SH01099,Singapore,SG Hub,28-32,Female,Casual,Influencer,2024-10,Silver,27,2,7,337.83,56.38,3,13,8,0.48,0.26,0.48,0.21,0,3.4,0,4.5,4.35,4.74,0.241,0.151,Free Shipping,1,1,3.24,Persuadable,0,8.3,850.0
SH01100,Philippines,SG Hub,23-27,Female,Streetwear,Paid Social,2024-03,None,41,0,1,12.49,15.81,6,19,5,0.7,0.34,0.4,0.27,0,6.2,1,3.33,1.14,1.71,0.391,-0.02,Free Shipping,1,0,-1.0,Do-Not-Disturb,1,69.4,11.92
SH01101,Philippines,SG Hub,28-32,Male,K-Fashion,Paid Social,2024-04,None,94,0,1,13.99,18.48,4,7,9,0.81,0.38,0.38,0.37,0,7.1,2,3.87,1.97,2.74,0.464,-0.085,Influencer Code,0,0,-1.0,Do-Not-Disturb,1,92.5,10.0
SH01102,Malaysia,SG Hub,18-22,Male,Streetwear,Influencer,2024-08,None,19,2,3,106.79,45.58,4,13,6,0.73,0.39,0.39,0.25,1,3.6,0,2.77,4.26,4.56,0.254,0.064,None,0,0,-1.0,Lost Cause,0,38.9,270.94
SH01103,Australia,AU Hub,23-27,Male,K-Fashion,Influencer,2024-01,Bronze,65,1,4,291.22,83.3,3,13,3,0.42,0.19,0.58,0.21,0,5.5,0,7.16,6.33,7.0,0.246,0.165,Free Shipping,0,0,-1.0,Lost Cause,0,47.9,718.66
SH01104,Philippines,SG Hub,23-27,Female,Formal,Paid Social,2024-04,None,23,2,4,68.07,22.13,5,22,8,0.77,0.43,0.37,0.34,0,7.3,1,4.17,1.44,3.01,0.39,-0.094,Influencer Code,1,0,-1.0,Lost Cause,0,45.2,156.44
SH01105,Thailand,VN Hub,28-32,Female,Streetwear,Referral,2024-02,Bronze,99,2,6,130.87,26.31,1,17,4,0.57,0.24,0.39,0.28,0,5.2,0,4.8,2.29,2.95,0.382,0.052,Style Drop,1,3,5.0,Lost Cause,1,60.1,283.38
SH01106,Malaysia,SG Hub,23-27,Male,Casual,Organic,2024-03,None,39,0,2,53.03,31.53,6,8,0,0.53,0.33,0.51,0.22,0,3.8,0,2.56,3.29,2.77,0.273,0.112,Style Drop,0,0,-1.0,Lost Cause,0,49.5,117.32
SH01107,Indonesia,SG Hub,23-27,Female,Activewear,Paid Social,2024-10,Bronze,20,2,7,150.56,26.62,3,18,6,0.64,0.36,0.43,0.25,0,5.3,0,3.61,2.7,2.66,0.337,0.025,Voucher,1,3,5.0,Sure-Thing,0,17.7,456.63
SH01108,Vietnam,VN Hub,23-27,Male,Activewear,Influencer,2024-03,Bronze,14,2,7,177.92,32.67,3,12,6,0.74,0.42,0.52,0.2,0,4.6,0,3.21,1.99,2.61,0.239,0.027,None,0,0,-1.0,Sure-Thing,0,16.9,542.68
SH01109,Singapore,SG Hub,18-22,Female,Streetwear,Influencer,2024-01,None,11,1,3,139.59,54.74,1,18,7,0.5,0.35,0.45,0.17,1,1.8,0,3.8,4.25,3.72,0.215,0.105,Voucher,0,0,-1.0,Lost Cause,0,27.5,393.96
SH01110,Philippines,SG Hub,18-22,Female,Casual,Influencer,2024-03,None,36,2,5,79.69,22.29,4,18,6,0.95,0.5,0.4,0.35,0,6.0,1,4.26,1.32,3.12,0.39,-0.048,Influencer Code,1,2,1.76,Lost Cause,1,51.7,172.31
SH01111,Indonesia,SG Hub,23-27,Female,Accessories,Mega-Sale Event,2024-02,None,88,0,1,7.15,10.0,2,13,10,0.95,0.49,0.42,0.33,1,5.2,0,2.98,1.0,1.32,0.53,-0.15,Influencer Code,0,0,-1.0,Do-Not-Disturb,1,87.1,10.0
SH01112,Australia,AU Hub,23-27,Male,Casual,Mega-Sale Event,2024-08,Bronze,7,1,4,289.12,79.69,5,15,7,0.31,0.14,0.5,0.18,0,5.6,0,7.25,7.18,5.74,0.253,0.201,Style Drop,1,6,5.0,Persuadable,0,17.8,850.0
SH01113,Vietnam,VN Hub,18-22,Female,Activewear,Mega-Sale Event,2024-12,None,76,0,2,51.42,34.1,2,14,8,0.82,0.44,0.36,0.36,1,4.6,0,3.16,2.02,4.91,0.296,0.108,Voucher,1,0,-1.0,Do-Not-Disturb,1,77.9,78.23
SH01114,Indonesia,SG Hub,23-27,Female,Formal,Referral,2024-03,None,116,0,2,33.47,21.76,1,9,5,0.77,0.42,0.44,0.23,0,5.8,1,3.66,1.0,2.0,0.306,-0.022,Voucher,0,0,-1.0,Do-Not-Disturb,1,90.8,36.55
SH01115,Australia,AU Hub,23-27,Female,Activewear,Referral,2024-09,None,26,0,2,166.18,92.53,3,17,3,0.34,0.15,0.54,0.17,1,5.6,0,7.49,6.99,6.29,0.224,0.182,Style Drop,1,1,5.0,Persuadable,0,35.9,450.23
SH01116,UAE,Dubai Hub,23-27,Female,K-Fashion,Referral,2024-05,None,68,0,2,136.72,77.95,5,12,5,0.41,0.12,0.43,0.21,1,3.6,0,5.21,6.38,6.55,0.233,0.275,Voucher,1,1,5.0,Lost Cause,1,61.6,296.96
SH01117,Thailand,VN Hub,23-27,Female,Casual,Influencer,2024-01,None,15,0,0,0.0,31.74,2,6,8,0.73,0.37,0.36,0.25,0,5.0,0,3.77,2.85,3.17,0.308,0.014,Free Shipping,1,0,-1.0,Do-Not-Disturb,1,55.2,10.0
SH01118,Malaysia,SG Hub,28-32,Male,K-Fashion,Influencer,2024-09,None,18,1,3,84.14,34.71,3,11,5,0.64,0.37,0.31,0.33,1,3.8,1,3.14,3.0,4.58,0.309,0.085,Influencer Code,1,1,1.45,Lost Cause,0,44.6,200.93
SH01119,Indonesia,SG Hub,23-27,Female,Casual,Influencer,2024-03,None,28,0,1,17.63,23.2,1,8,4,0.8,0.45,0.43,0.35,0,5.1,1,2.91,2.44,3.25,0.371,-0.034,Influencer Code,1,2,2.31,Do-Not-Disturb,1,67.1,18.87
SH01120,Malaysia,SG Hub,33-38,Male,Accessories,Paid Social,2024-07,None,33,2,3,88.46,34.09,3,15,4,0.45,0.31,0.47,0.23,0,3.9,1,2.8,1.85,3.14,0.229,0.104,Voucher,0,0,-1.0,Lost Cause,0,45.2,213.25
SH01121,Indonesia,SG Hub,33-38,Male,Casual,Influencer,2024-07,None,70,2,3,58.47,24.86,3,21,2,0.72,0.49,0.41,0.37,0,6.3,1,3.39,2.58,3.68,0.388,-0.018,Free Shipping,1,2,1.95,Do-Not-Disturb,1,74.4,93.72
SH01122,Malaysia,SG Hub,23-27,Female,Streetwear,Mega-Sale Event,2024-08,Bronze,90,1,5,171.3,41.78,3,17,5,0.6,0.37,0.37,0.18,1,2.9,1,3.23,3.19,3.01,0.226,0.111,None,0,0,-1.0,Lost Cause,1,67.1,343.27
SH01123,Singapore,SG Hub,23-27,Female,K-Fashion,Organic,2024-02,Bronze,29,1,4,258.78,73.02,4,20,7,0.38,0.28,0.45,0.19,1,3.0,0,3.56,6.21,5.55,0.21,0.204,Free Shipping,1,0,-1.0,Persuadable,0,27.9,742.71
SH01124,Vietnam,VN Hub,23-27,Female,Accessories,Paid Social,2024-04,None,45,0,0,0.0,27.98,2,10,3,0.68,0.41,0.41,0.29,1,4.5,1,2.43,1.58,3.25,0.259,0.057,Voucher,0,0,-1.0,Do-Not-Disturb,1,75.9,10.0
SH01125,Singapore,SG Hub,28-32,Female,K-Fashion,Influencer,2024-09,Bronze,180,1,3,175.96,68.52,6,24,4,0.48,0.35,0.45,0.17,0,2.8,1,3.21,5.48,4.66,0.195,0.124,Voucher,1,2,5.0,Lost Cause,1,95.5,248.86
SH01126,Indonesia,SG Hub,23-27,Female,K-Fashion,Influencer,2024-12,Bronze,53,2,6,80.88,18.39,3,17,6,0.89,0.58,0.38,0.34,1,5.6,2,2.67,1.59,2.5,0.368,-0.106,Free Shipping,0,0,-1.0,Do-Not-Disturb,1,60.3,157.47
SH01127,Vietnam,VN Hub,28-32,Non-binary,K-Fashion,Influencer,2024-01,None,40,2,3,77.51,34.13,3,16,5,0.81,0.49,0.43,0.25,1,4.9,0,2.78,3.31,3.41,0.278,0.043,None,0,0,-1.0,Lost Cause,1,52.8,165.79
SH01128,Singapore,SG Hub,23-27,Non-binary,K-Fashion,Mega-Sale Event,2024-05,Bronze,84,1,3,150.09,55.9,5,12,5,0.35,0.23,0.63,0.22,0,3.2,0,3.07,3.68,4.92,0.209,0.198,Free Shipping,1,3,5.0,Lost Cause,1,62.5,318.99
SH01129,Singapore,SG Hub,23-27,Male,Streetwear,Paid Social,2024-11,Bronze,180,2,4,241.33,70.73,4,12,8,0.49,0.26,0.48,0.28,1,3.1,0,3.3,5.67,7.92,0.239,0.229,Voucher,1,0,-1.0,Lost Cause,1,93.2,362.11
SH01130,Indonesia,SG Hub,23-27,Female,Casual,Organic,2024-04,None,41,0,1,30.93,41.69,2,14,7,0.86,0.47,0.44,0.33,1,5.1,1,3.3,2.79,5.5,0.278,0.035,Influencer Code,1,1,0.8,Do-Not-Disturb,1,74.2,41.25
SH01131,Australia,AU Hub,28-32,Female,Streetwear,Influencer,2024-06,Bronze,58,2,3,199.17,77.02,4,22,8,0.46,0.24,0.44,0.12,1,5.7,0,6.53,6.41,3.7,0.216,0.18,Voucher,0,0,-1.0,Lost Cause,0,49.7,479.74
SH01132,Philippines,SG Hub,18-22,Female,K-Fashion,Paid Social,2024-11,None,127,2,5,37.25,10.0,2,18,8,0.85,0.5,0.3,0.26,1,6.5,1,4.39,1.19,1.04,0.6,-0.15,Voucher,1,0,-1.0,Do-Not-Disturb,1,87.0,42.33
SH01133,Indonesia,SG Hub,28-32,Female,K-Fashion,Paid Social,2024-12,None,36,1,5,73.38,19.62,2,19,9,0.84,0.43,0.37,0.34,0,5.1,0,3.87,2.21,2.67,0.446,-0.082,None,0,0,-1.0,Lost Cause,0,40.9,176.67
SH01134,Vietnam,VN Hub,28-32,Female,Streetwear,Mega-Sale Event,2024-08,None,42,0,2,57.55,37.86,4,9,8,0.8,0.43,0.32,0.3,1,4.6,1,2.63,2.76,4.54,0.262,0.01,Influencer Code,1,0,-1.0,Do-Not-Disturb,1,67.6,102.58
SH01135,Indonesia,SG Hub,18-22,Female,K-Fashion,Mega-Sale Event,2024-09,Bronze,50,1,5,108.42,28.42,2,15,4,0.79,0.32,0.4,0.16,0,5.6,0,3.28,2.74,1.82,0.276,0.086,Voucher,1,2,4.48,Lost Cause,0,43.5,267.71
SH01136,Singapore,SG Hub,23-27,Female,Casual,Influencer,2024-08,None,48,1,2,108.02,63.99,4,11,8,0.52,0.37,0.43,0.29,1,2.6,2,4.07,5.8,7.42,0.27,0.098,Free Shipping,0,0,-1.0,Lost Cause,1,69.5,205.66
SH01137,Philippines,SG Hub,18-22,Female,K-Fashion,Referral,2024-04,Bronze,76,1,5,113.36,30.07,2,14,2,0.82,0.44,0.3,0.31,0,6.0,1,3.84,1.58,3.73,0.304,-0.031,Voucher,1,2,2.69,Do-Not-Disturb,1,68.4,216.4
SH01138,Indonesia,SG Hub,28-32,Female,Streetwear,Influencer,2024-11,None,69,1,4,86.43,27.88,6,15,7,0.75,0.44,0.5,0.25,0,4.3,1,3.11,2.54,2.79,0.303,0.017,Voucher,0,0,-1.0,Do-Not-Disturb,1,67.6,162.29
SH01139,Thailand,VN Hub,18-22,Female,Streetwear,Mega-Sale Event,2024-01,None,38,1,3,94.18,39.74,5,18,7,0.7,0.46,0.4,0.32,0,5.2,0,3.9,3.66,5.09,0.318,-0.001,Influencer Code,1,1,0.84,Lost Cause,0,49.8,212.81
SH01140,Singapore,SG Hub,33-38,Male,Streetwear,Influencer,2024-01,Bronze,123,2,3,183.73,69.36,3,16,11,0.39,0.23,0.42,0.16,0,3.3,0,4.24,5.42,4.44,0.203,0.22,Influencer Code,0,0,-1.0,Lost Cause,1,79.9,325.62
SH01141,Indonesia,SG Hub,18-22,Non-binary,K-Fashion,Influencer,2024-08,None,41,1,3,83.44,36.17,1,14,12,0.77,0.5,0.45,0.26,1,5.5,0,3.8,2.29,3.76,0.272,-0.004,Influencer Code,0,0,-1.0,Lost Cause,1,52.3,180.35
SH01142,Indonesia,SG Hub,33-38,Female,K-Fashion,Mega-Sale Event,2024-11,Bronze,28,2,6,120.59,26.87,1,11,3,0.84,0.4,0.35,0.33,0,4.5,0,3.96,2.62,3.55,0.377,-0.012,Style Drop,1,2,3.09,Lost Cause,0,30.9,327.87
SH01143,Philippines,SG Hub,28-32,Male,Formal,Influencer,2024-10,None,62,2,3,63.51,29.24,6,17,6,0.92,0.63,0.42,0.42,1,7.4,1,3.21,1.74,4.91,0.337,-0.15,Voucher,0,0,-1.0,Do-Not-Disturb,1,76.3,95.36
SH01144,Indonesia,SG Hub,23-27,Non-binary,K-Fashion,Paid Social,2024-09,None,99,0,1,16.05,21.54,5,15,3,0.85,0.52,0.35,0.39,1,4.9,0,4.18,1.63,3.36,0.426,-0.091,None,0,0,-1.0,Do-Not-Disturb,1,88.9,10.0
SH01145,Indonesia,SG Hub,28-32,Female,Casual,Paid Social,2024-05,None,28,1,1,14.99,19.19,5,17,7,0.73,0.41,0.39,0.3,0,5.3,0,3.7,1.52,2.3,0.392,-0.068,Influencer Code,0,0,-1.0,Do-Not-Disturb,1,57.2,18.07
SH01146,Australia,AU Hub,28-32,Female,Casual,Influencer,2024-05,Bronze,47,1,4,328.11,91.65,5,9,2,0.35,0.26,0.53,0.21,0,6.2,1,7.71,7.69,7.7,0.252,0.146,Voucher,1,2,5.0,Lost Cause,0,43.4,839.29
SH01147,Vietnam,VN Hub,33-38,Female,Streetwear,Organic,2024-06,None,31,0,0,0.0,29.73,4,15,7,0.7,0.33,0.45,0.31,0,4.0,0,3.09,2.07,3.69,0.298,0.061,Style Drop,0,0,-1.0,Do-Not-Disturb,1,64.0,10.0
SH01148,Indonesia,SG Hub,18-22,Female,Streetwear,Mega-Sale Event,2024-04,None,16,2,3,70.5,30.44,6,18,3,0.76,0.4,0.45,0.23,0,4.9,2,3.52,2.09,2.8,0.276,0.015,Voucher,1,0,-1.0,Lost Cause,1,52.5,152.97
SH01149,Indonesia,SG Hub,23-27,Male,Activewear,Mega-Sale Event,2024-06,None,27,0,0,0.0,24.99,2,6,12,0.76,0.49,0.41,0.32,0,5.3,0,3.36,2.05,3.2,0.345,-0.01,Influencer Code,0,0,-1.0,Do-Not-Disturb,1,63.8,10.0
SH01150,Singapore,SG Hub,18-22,Female,Formal,Influencer,2024-02,None,63,1,2,95.36,57.31,3,11,5,0.56,0.21,0.49,0.2,1,4.6,0,3.98,5.09,4.58,0.238,0.236,Influencer Code,0,0,-1.0,Lost Cause,1,63.0,199.21
SH01151,UAE,Dubai Hub,23-27,Female,K-Fashion,Paid Social,2024-04,Bronze,70,1,5,380.78,85.09,7,17,6,0.35,0.22,0.55,0.2,1,4.3,0,4.34,7.95,6.81,0.224,0.22,Voucher,0,0,-1.0,Lost Cause,0,42.2,850.0
SH01152,UAE,Dubai Hub,18-22,Female,Streetwear,Influencer,2024-12,Bronze,21,1,4,330.38,96.49,5,15,3,0.48,0.29,0.49,0.21,0,4.9,1,4.93,6.97,8.11,0.207,0.16,Style Drop,1,0,-1.0,Persuadable,0,33.4,850.0
SH01153,Singapore,SG Hub,23-27,Female,K-Fashion,Influencer,2024-09,Bronze,52,1,3,174.8,66.44,3,10,6,0.41,0.32,0.49,0.23,1,3.8,0,3.01,5.47,6.11,0.22,0.167,Voucher,1,3,5.0,Lost Cause,0,47.0,426.32
SH01154,Indonesia,SG Hub,23-27,Male,Casual,Influencer,2024-02,Bronze,42,2,7,53.55,10.31,1,20,4,0.86,0.39,0.31,0.32,1,5.4,0,3.23,1.0,1.32,0.538,-0.15,Style Drop,1,1,0.39,Lost Cause,0,32.5,135.22
SH01155,Singapore,SG Hub,23-27,Female,Casual,Referral,2024-04,Bronze,49,1,3,159.14,60.28,5,13,5,0.4,0.3,0.53,0.05,0,2.7,0,4.82,5.33,1.21,0.188,0.147,Voucher,0,0,-1.0,Lost Cause,0,41.6,406.12
SH01156,Malaysia,SG Hub,23-27,Female,K-Fashion,Mega-Sale Event,2024-04,None,11,1,3,125.61,49.26,4,7,3,0.5,0.25,0.48,0.23,1,4.5,1,2.79,3.47,4.53,0.219,0.189,Voucher,1,1,3.27,Lost Cause,0,34.9,337.46
SH01157,Vietnam,VN Hub,28-32,Female,Streetwear,Mega-Sale Event,2024-04,Bronze,21,1,5,103.85,26.29,2,16,5,0.7,0.36,0.4,0.31,1,3.8,0,2.78,1.77,3.26,0.297,0.039,Free Shipping,0,0,-1.0,Lost Cause,0,29.0,285.83
SH01158,Malaysia,SG Hub,28-32,Female,Accessories,Paid Social,2024-09,None,20,0,1,17.26,20.6,2,13,6,0.54,0.24,0.53,0.26,0,4.8,0,2.66,1.35,2.14,0.299,0.115,Style Drop,1,1,2.15,Lost Cause,0,46.3,34.04
SH01159,Thailand,VN Hub,23-27,Female,K-Fashion,Paid Social,2024-11,None,27,1,3,109.83,45.14,3,20,9,0.63,0.29,0.37,0.25,0,4.9,1,3.47,3.57,4.51,0.256,0.138,Voucher,1,2,5.0,Lost Cause,0,47.7,262.9
SH01160,Thailand,VN Hub,23-27,Female,Casual,Paid Social,2024-09,None,40,1,4,109.07,35.46,6,13,3,0.77,0.44,0.49,0.37,1,3.5,2,2.93,3.0,5.25,0.315,0.036,Style Drop,0,0,-1.0,Do-Not-Disturb,1,62.5,221.09
SH01161,Singapore,SG Hub,33-38,Female,Activewear,Paid Social,2024-06,Bronze,33,2,5,271.26,61.44,3,11,6,0.39,0.16,0.5,0.21,1,3.0,1,3.71,5.16,5.16,0.228,0.214,Voucher,1,0,-1.0,Persuadable,0,31.4,764.04
SH01162,Philippines,SG Hub,18-22,Female,K-Fashion,Paid Social,2024-02,None,40,2,3,44.07,19.03,5,19,6,0.76,0.46,0.43,0.31,1,6.8,1,4.62,1.52,2.36,0.447,-0.124,Free Shipping,0,0,-1.0,Do-Not-Disturb,1,59.8,80.46
SH01163,Australia,AU Hub,18-22,Male,K-Fashion,Influencer,2024-02,None,11,0,2,158.76,86.66,2,12,12,0.28,0.12,0.51,0.22,0,5.7,0,6.85,6.27,7.63,0.239,0.209,Free Shipping,1,0,-1.0,Persuadable,0,28.0,457.45
SH01164,Singapore,SG Hub,18-22,Female,K-Fashion,Influencer,2024-10,Bronze,138,2,4,201.58,57.66,3,12,4,0.42,0.17,0.41,0.22,0,3.6,0,4.19,4.98,5.07,0.247,0.195,Voucher,0,0,-1.0,Lost Cause,1,82.4,349.73
SH01165,Indonesia,SG Hub,23-27,Female,Accessories,Referral,2024-09,None,33,2,3,77.76,33.19,6,13,6,0.73,0.38,0.41,0.24,1,4.8,0,3.91,2.63,3.19,0.293,0.022,None,0,0,-1.0,Lost Cause,0,46.3,181.37
SH01166,Vietnam,VN Hub,23-27,Female,K-Fashion,Paid Social,2024-07,Bronze,49,1,5,129.2,32.34,6,13,4,0.67,0.39,0.45,0.15,1,3.8,0,3.43,3.17,1.94,0.264,0.025,Free Shipping,0,0,-1.0,Lost Cause,0,39.2,330.13
SH01167,UAE,Dubai Hub,28-32,Male,K-Fashion,Referral,2024-07,Bronze,98,1,3,223.31,86.96,5,19,10,0.48,0.25,0.51,0.2,0,4.1,0,4.57,6.6,6.96,0.208,0.218,Influencer Code,0,0,-1.0,Lost Cause,1,72.4,432.12
SH01168,Thailand,VN Hub,28-32,Female,K-Fashion,Influencer,2024-11,None,20,0,2,48.86,31.16,2,11,1,0.72,0.4,0.41,0.32,1,4.8,0,4.92,1.69,3.99,0.34,-0.055,Influencer Code,1,0,-1.0,Lost Cause,0,46.6,107.18
SH01169,Vietnam,VN Hub,23-27,Female,K-Fashion,Paid Social,2024-10,None,53,1,4,80.54,26.6,2,10,8,0.81,0.48,0.29,0.28,1,4.3,0,3.43,2.11,2.98,0.32,-0.06,Influencer Code,0,0,-1.0,Lost Cause,1,54.3,170.79
SH01170,Philippines,SG Hub,33-38,Female,Casual,Influencer,2024-02,None,39,2,4,90.14,30.37,2,15,9,0.86,0.53,0.31,0.36,1,7.1,1,4.36,3.08,4.37,0.389,-0.058,Influencer Code,1,1,0.35,Do-Not-Disturb,1,57.1,186.17
SH01171,Vietnam,VN Hub,28-32,Female,K-Fashion,Influencer,2024-05,None,91,1,2,32.04,21.08,1,19,5,0.8,0.42,0.5,0.31,1,4.1,0,2.46,1.77,2.61,0.324,-0.012,Style Drop,0,0,-1.0,Do-Not-Disturb,1,82.2,40.03
SH01172,Indonesia,SG Hub,18-22,Male,Casual,Influencer,2024-01,None,46,0,1,8.31,11.02,3,13,4,0.82,0.4,0.34,0.37,0,5.4,2,3.45,1.0,1.63,0.552,-0.15,Influencer Code,0,0,-1.0,Do-Not-Disturb,1,81.0,10.0
SH01173,Australia,AU Hub,23-27,Female,Casual,Influencer,2024-05,Bronze,28,2,3,216.67,82.92,2,13,1,0.43,0.24,0.56,0.19,0,5.8,0,7.91,6.2,6.3,0.246,0.122,Influencer Code,0,0,-1.0,Lost Cause,0,34.1,593.68
SH01174,Philippines,SG Hub,23-27,Male,Formal,Mega-Sale Event,2024-08,None,18,0,1,19.75,27.05,4,7,5,0.9,0.52,0.33,0.35,1,5.7,0,5.05,3.04,3.79,0.439,-0.106,Influencer Code,0,0,-1.0,Do-Not-Disturb,1,57.7,24.4
SH01175,Australia,AU Hub,18-22,Male,K-Fashion,Influencer,2024-03,None,126,0,2,150.42,81.84,5,10,8,0.27,0.08,0.52,0.19,1,5.1,1,7.94,6.03,6.22,0.247,0.272,Influencer Code,1,1,5.0,Lost Cause,1,86.7,249.35
SH01176,Singapore,SG Hub,18-22,Female,Formal,Organic,2024-02,Bronze,10,2,3,180.51,65.26,8,15,7,0.26,0.1,0.57,0.24,0,3.2,1,4.19,4.86,6.26,0.235,0.282,Free Shipping,1,2,5.0,Persuadable,0,28.4,520.06
SH01177,Indonesia,SG Hub,33-38,Male,Casual,Paid Social,2024-06,None,58,0,2,33.75,21.44,6,21,7,0.71,0.35,0.38,0.19,1,6.2,1,2.87,2.0,1.63,0.303,0.064,Influencer Code,0,0,-1.0,Do-Not-Disturb,1,70.9,53.84
SH01178,Philippines,SG Hub,23-27,Female,K-Fashion,Paid Social,2024-07,None,32,0,1,21.68,28.3,3,4,4,0.78,0.42,0.48,0.27,0,6.8,2,4.44,1.34,3.06,0.312,-0.027,Free Shipping,0,0,-1.0,Do-Not-Disturb,1,73.4,25.68
SH01179,UAE,Dubai Hub,23-27,Male,Activewear,Paid Social,2024-09,Silver,156,2,6,442.33,84.64,5,15,5,0.43,0.2,0.5,0.25,0,3.2,1,3.88,7.41,8.46,0.233,0.201,Style Drop,1,1,5.0,Lost Cause,1,72.8,850.0
SH01180,Thailand,VN Hub,28-32,Female,Formal,Influencer,2024-01,Bronze,22,3,6,120.9,26.1,4,21,7,0.76,0.45,0.43,0.37,0,3.2,0,2.56,2.4,3.86,0.338,-0.028,None,0,0,-1.0,Sure-Thing,0,26.8,337.02
SH01181,UAE,Dubai Hub,23-27,Female,K-Fashion,Referral,2024-03,Bronze,128,1,4,295.35,82.5,6,16,8,0.35,0.11,0.5,0.2,0,4.5,0,4.62,7.05,6.6,0.221,0.307,None,0,0,-1.0,Lost Cause,1,77.3,549.98
SH01182,UAE,Dubai Hub,33-38,Female,Accessories,Mega-Sale Event,2024-10,Bronze,180,1,4,350.05,101.17,7,16,5,0.45,0.17,0.52,0.2,1,4.1,0,4.76,8.37,8.09,0.21,0.264,Style Drop,1,1,5.0,Lost Cause,1,92.4,539.03
SH01183,Indonesia,SG Hub,28-32,Female,Streetwear,Organic,2024-09,None,30,0,0,0.0,10.12,2,19,7,0.82,0.43,0.47,0.34,0,5.8,0,3.95,1.0,1.38,0.6,-0.15,Influencer Code,0,0,-1.0,Do-Not-Disturb,1,67.3,10.0
SH01184,Vietnam,VN Hub,23-27,Female,Casual,Paid Social,2024-11,None,19,1,4,99.97,32.0,5,11,3,0.73,0.39,0.41,0.33,1,4.1,0,3.15,2.03,4.22,0.294,0.039,Influencer Code,1,1,1.23,Lost Cause,0,34.6,261.71
SH01185,Thailand,VN Hub,23-27,Male,Accessories,Influencer,2024-10,None,63,0,2,25.19,16.57,4,14,3,0.8,0.37,0.49,0.28,0,5.0,0,3.57,1.26,1.86,0.404,-0.068,Voucher,0,0,-1.0,Do-Not-Disturb,1,70.8,35.93
SH01186,Malaysia,SG Hub,33-38,Female,Streetwear,Mega-Sale Event,2024-11,None,25,1,2,56.59,34.13,4,15,5,0.57,0.28,0.43,0.26,0,4.4,0,2.61,2.24,3.55,0.246,0.103,Free Shipping,1,1,2.38,Lost Cause,0,43.7,134.91
SH01187,Vietnam,VN Hub,28-32,Female,Activewear,Influencer,2024-07,None,32,2,4,75.75,24.53,5,18,3,0.76,0.4,0.45,0.35,0,4.3,0,2.85,2.21,3.43,0.346,0.017,Voucher,1,1,0.99,Lost Cause,0,42.6,181.31
SH01188,Singapore,SG Hub,33-38,Female,Streetwear,Influencer,2024-12,None,71,2,3,114.34,45.32,6,13,5,0.53,0.27,0.49,0.33,1,3.0,0,3.05,4.03,5.98,0.288,0.129,Voucher,1,0,-1.0,Lost Cause,1,62.9,238.37
SH01189,Thailand,VN Hub,18-22,Female,Activewear,Influencer,2024-05,None,110,1,2,51.52,33.11,6,12,5,0.74,0.41,0.36,0.32,1,4.8,1,2.3,3.39,4.24,0.3,0.028,None,0,0,-1.0,Do-Not-Disturb,1,89.9,66.63
SH01190,Australia,AU Hub,28-32,Female,Casual,Mega-Sale Event,2024-11,Bronze,48,1,4,268.36,74.96,6,13,6,0.35,0.16,0.52,0.19,0,6.1,2,7.57,6.18,5.7,0.259,0.15,Style Drop,0,0,-1.0,Lost Cause,1,51.0,645.63
SH01191,Philippines,SG Hub,23-27,Male,K-Fashion,Organic,2024-05,None,91,1,5,36.8,10.0,2,10,6,0.88,0.56,0.38,0.32,1,6.5,1,3.82,1.26,1.28,0.6,-0.15,Influencer Code,1,2,0.66,Do-Not-Disturb,1,76.6,47.23
SH01192,Australia,AU Hub,18-22,Female,Streetwear,Mega-Sale Event,2024-06,Bronze,9,1,4,320.58,84.72,5,9,3,0.18,0.12,0.51,0.17,0,6.3,2,7.64,6.63,5.76,0.236,0.221,Voucher,1,0,-1.0,Persuadable,0,26.0,850.0
SH01193,Singapore,SG Hub,23-27,Female,Streetwear,Mega-Sale Event,2024-09,Bronze,118,1,4,267.47,73.48,5,21,6,0.3,0.12,0.54,0.17,0,3.0,0,4.35,5.64,5.0,0.204,0.261,Influencer Code,1,0,-1.0,Lost Cause,1,71.5,529.92
SH01194,UAE,Dubai Hub,28-32,Female,K-Fashion,Influencer,2024-05,None,13,1,2,171.74,96.92,6,19,7,0.38,0.21,0.51,0.2,1,3.4,1,4.19,7.99,7.75,0.206,0.195,Free Shipping,0,0,-1.0,Lost Cause,0,37.9,456.11
SH01195,Australia,AU Hub,18-22,Female,K-Fashion,Mega-Sale Event,2024-02,Bronze,11,2,3,219.32,80.87,5,15,9,0.32,0.18,0.52,0.13,0,6.8,2,7.5,6.28,4.21,0.222,0.219,Style Drop,1,0,-1.0,Persuadable,0,35.0,599.06
SH01196,Australia,AU Hub,23-27,Female,Streetwear,Paid Social,2024-11,Bronze,20,2,3,211.83,78.37,7,17,6,0.33,0.24,0.51,0.25,1,5.5,1,6.87,6.4,7.84,0.269,0.149,None,0,0,-1.0,Lost Cause,0,35.2,575.15
SH01197,Indonesia,SG Hub,28-32,Female,K-Fashion,Organic,2024-06,None,46,1,4,111.92,34.63,2,10,6,0.64,0.32,0.44,0.2,0,4.9,0,2.58,2.24,2.77,0.219,0.141,Free Shipping,1,1,1.93,Lost Cause,0,43.8,276.0
SH01198,UAE,Dubai Hub,23-27,Female,K-Fashion,Influencer,2024-12,Bronze,16,1,3,260.82,98.46,5,15,5,0.39,0.25,0.48,0.18,1,4.1,1,4.56,7.44,7.09,0.194,0.191,Voucher,0,0,-1.0,Lost Cause,0,33.6,718.99
SH01199,Australia,AU Hub,23-27,Non-binary,Activewear,Referral,2024-05,Bronze,121,1,3,238.48,87.07,4,9,5,0.29,0.16,0.53,0.18,0,5.8,0,6.96,7.28,6.27,0.236,0.193,Voucher,1,0,-1.0,Lost Cause,1,77.4,440.67
SH01200,Vietnam,VN Hub,23-27,Female,Casual,Influencer,2024-12,None,30,1,3,43.91,20.47,4,12,5,0.95,0.6,0.33,0.44,0,4.3,0,2.68,2.08,3.6,0.408,-0.133,Voucher,0,0,-1.0,Do-Not-Disturb,1,55.2,78.79
